count	path
21|/
15|/product/particle-face-cream/
15|/cart-page/
9|/all-products/
7|/thank-you-order/
6|/product/particle-instant-eye-firming-cream/
6|/lpage/particle-hair-growth-bundle-el/
5|/checkout/
5|/lpage/particle-instant-eye-firming-cream-el-flyover/
4|/lpage/particle-face-cream-el-gv/
3|/product/particle-hand-cream/
3|/lpage/particle-face-cream-el-patriot/
3|/my-account/particle-rewards/
3|/product/particle-neck-cream/
3|/product/particle-infinite-male/
3|/product/particle-gravite/
2|/lpage/particle-face-cream-el-atwave/
2|/lpage/particle-face-cream-el/
2|/lpage/particle-gravite-el-fathers-day-flyover/
1|/product/starter-bundle/
1|/lpage/particle-face-cream-el-applov/
1|/my-account/orders/
1|/product/bold-moves-bundle/
1|/product/particle-body-wash/
1|/lpage/particle-face-cream-el-tv/
1|/lpage/particle-face-cream-el-beehiv/
1|/product/particle-hair-shampoo/
1|/product/particle-ab-firming-cream/
1|/lpage/particle-43-shaving-gel-el/
1|/product/power-shower-set/
1|/subscriptions/
1|/product/particle-face-wash/
1|/particle-reviews/
1|/all-products/#hair
1|/best-sellers/
1|/lpage/particle-instant-eye-firming-cream-el/
1|/product/particle-ultimate-mens-gift-bundle/
1|/product/the-smooth-skin-set/
1|/cart
1|/lpage/particle-gravite-el-gv/
1|/lpage/particle-face-cream-el-uk/
1|/lpage/particle-ab-cream-el/
1|/product/particle-hair-revival-kit/
1|/product/head-turner-set/
1|/product/particle-gravite/#price