session_id	first_seen	last_seen	pages	source	medium	channel	placement	campaign_id	utm_source	utm_medium	utm_campaign	entry_path	referrer
a6bdb4f7-7484-40aa-abdb-2f41bb7542f2|2026-05-22 14:14|14:14|1|flyover_podcast|paid|paid_other|||flyover_podcast|paid|gravite|/lpage/particle-gravite-el-fathers-day-flyover/?utm_source=flyover_podcast&utm_medium=paid&utm_campaign=gravite|android-app://com.google.android.gm/
d940a867-15cc-4858-ad96-a09bfcb70f00|2026-05-22 14:14|14:14|1|Klaviyo|email|email|||Yotpo Loyalty Monthly Status|email|Yotpo Loyalty Monthly Status - Email #1|/best-sellers/?utm_source=Yotpo%20Loyalty%20Monthly%20Status&utm_medium=email&utm_campaign=Yotpo%20Loyalty%20Monthly%20Status%20-%20Email%20%231&utm_id=UeFnYW&utm_term=Your%20Points%20Update%20-%20Don%27t%20Let%20Them%20Expire&nb_klid=01KAETT2EB9AYS9XMQRQB4XJT3&bxid=01KAETT2EB9AYS9XMQRQB4XJT3&_kx=E0w9zOYkrF1tX-pg90ehdlJWbDUNfqnpxEykOVVW4FY.NRTHD9|
c9767b9b-beb0-4cc9-a7f6-0724bbe0ab0d|2026-05-22 14:14|14:14|1|direct|none|direct||||||/all-products/|https://www.particleformen.com/?coupon-code=MEMORIAL25&utm_source=campaign&utm_medium=email&utm_campaign=22.05.26%20-%20Memorial%20Day%20kick%20off%20%28Email%29%20%5BEikona%20Full%20Creative%5D&utm_id=V53AN2&utm_term=%7B%7B%20event.subject_line_a6937162%20%7D%7D&nb_klid=01K9CP3N5QFWDPD97DEMWMQ8K2&_kx=IkzAJWBNQ0mPTXQKmQEJXdvs4iOcCfsx_em1pG7IXuY.NRTHD9
31698aa6-88f4-4821-a395-d47deee3fa8e|2026-05-22 14:14|14:14|1|Google Ads|cpc|paid_search||2048847326|google|cpc||/product/particle-face-cream/?utm_source=google&utm_campaign=&utm_agid=72855543579&utm_term=particle%20for%20men&utm_medium=cpc&creative=708597749035&device=m&placement=&utm_source=google&utm_campaign=Search_Brand_Keywords_USA&utm_agid=72855543579&utm_term=particle%20for%20men&utm_medium=cpc&creative=708597749035&device=m&placement=&gad_source=1&gad_campaignid=2048847326&gclid=Cj0KCQjw_b_QBhCSARIsAP6hR4csF6jxYU4kaIzhlZdyWPJKj3Et_9YPZD4gZ1u2CPIHU7g16SuptWMaAuabEALw_wcB|https://www.google.com/
6b3c9d5d-4376-45fa-86e1-3c265d70dcca|2026-05-22 14:14|14:14|1|Facebook|paid_social|paid_social|Facebook Reels|120233917713260097|MetaAds|US | Gravite Cologne | Prospecting | Conversions | Grapevine Advantage+ sale campaign 10/23/2025|Gravite Cologne | Grapevine 02/19/2026 | Website | M 35+ | #PGS-GRVT|/lpage/particle-gravite-el-gv/?utm_source=MetaAds&utm_medium=US+%7C+Gravite+Cologne+%7C+Prospecting+%7C+Conversions+%7C+Grapevine+Advantage%2B+sale+campaign+10%2F23%2F2025&utm_campaign=Gravite+Cologne+%7C+Grapevine+02%2F19%2F2026+%7C+Website+%7C+M+35%2B+%7C+%23PGS-GRVT&utm_content=Gravite+GV+April.2026+image+flexible+3-4+headline+notice+MMC+Page+MMC+Page+%7C+%23AO-GRVT+-+Copy&nbt=nb%3Afb%3Afb%3A120233917713260097%3A120240248426840097%3A120243742330990097&nb_placement=Facebook_Mobile_Reels&fbclid=IwZXh0bgNhZW0BMABhZGlkAasxC_JuqdFzcnRjBmFwcF9pZAo2NjI4NTY4Mzc5AAEe88GZEmCkOqIx9lIn3KHU2eITLLdkC7J4FUTJlKKAT2rYg6J_xXlazgGKYe8_aem_dBa8Q9f7KJrjaQqOuDpzBg&utm_id=120233917713260097&utm_term=120240248426840097|https://www.modern-man-cave.com/
fe552523-ef7e-4cb1-99c1-cad3db2701f0|2026-05-22 14:14|14:14|1|Klaviyo|email|email|||campaign|email|22.05.26 - Memorial Day kick off (Email) [Eikona Full Creative]|/?coupon-code=MEMORIAL25&utm_source=campaign&utm_medium=email&utm_campaign=22.05.26%20-%20Memorial%20Day%20kick%20off%20%28Email%29%20%5BEikona%20Full%20Creative%5D&utm_id=V53AN2&utm_term=%7B%7B%20event.subject_line_a6937162%20%7D%7D&nb_klid=01JDZ6YP679P7S6SZ2PZRWQKX7&_kx=kdIwW_AO9nloRKL6Mwk6-XTT77FK-8wxoSqiw_qTXP8.NRTHD9|
f1b4671c-ebda-420d-8b39-5b3148e2d044|2026-05-22 14:14|14:14|1|Facebook|paid_social|paid_social|||MetaAds|Catalog  | US | Dynamic Retargeting | Conversions|Add to Cart 30 Days | US | 18+|/product/particle-instant-eye-firming-cream/?utm_source=MetaAds&utm_medium=Catalog++%7C+US+%7C+Dynamic+Retargeting+%7C+Conversions&utm_campaign=Add+to+Cart+30+Days+%7C+US+%7C+18%2B&utm_content=All+Products&utm_id=23845507112770752_v2_s02_e475_i20260522&utm_term=23845507112770752&fbclid=IwY2xjawR9RCJleHRuA2FlbQEwAGFkaWQBqzLcZJx7EXNydGMGYXBwX2lkDzI0NTc5MDgxODk1NTg2OAABHjJ2ZP_AvU2-msLjIQWYAQQRCzUr_2-m6DNyxeBuUBHgR3WvYpxniSyAMaua_aem_QkjLYAfOtiIzEoDQLyTlwg|https://l.facebook.com/
2b1f8333-1c17-4bbe-a5c3-9adec66df3bb|2026-05-22 14:14|14:14|1|Audience Network|paid_social|paid_social|Audience Network|23852759474890752||||/lpage/particle-hair-growth-bundle-el/?Ad+Set+Name=adset_name%3DShampoo+%2B+Hair+Revival+Kit+%2B+Hair+Gummies+Product+Page+Visitors+180+Days+%7C+US+%7C+M+%7C+18%2B&Ad+Name=ad_name%3DHair+growth+bundle+product+image+1+headline+1+text+1+10+Reasons+LP&nbt=nb%3Afb%3Aan%3A23852759474890752%3A23852762426810752%3A23852762463360752&nb_placement=an|https://l.facebook.com/
2826569b-4041-4a3f-a043-50c1ddcc1d31|2026-05-22 14:14|14:14|1|Klaviyo|email|email|||campaign|email|22.05.26 - Memorial Day kick off (Email) [Eikona Full Creative]|/?coupon-code=MEMORIAL25&utm_source=campaign&utm_medium=email&utm_campaign=22.05.26%20-%20Memorial%20Day%20kick%20off%20%28Email%29%20%5BEikona%20Full%20Creative%5D&utm_id=V53AN2&utm_term=%7B%7B%20event.subject_line_a6937162%20%7D%7D&nb_klid=01K9CP3N5QFWDPD97DEMWMQ8K2&_kx=IkzAJWBNQ0mPTXQKmQEJXdvs4iOcCfsx_em1pG7IXuY.NRTHD9|
967ad528-bef9-4006-b093-bb63bc527196|2026-05-22 14:14|14:14|1|Facebook|paid_social|paid_social|||MetaAds|US | Grapevine Dynamic Prospecting | Conversions|MMC | Broad | US | M | 40+ | #PGS-DYN|/product/particle-ab-firming-cream/?utm_source=MetaAds&utm_medium=US+%7C+Grapevine+Dynamic+Prospecting+%7C+Conversions&utm_campaign=MMC+%7C+Broad+%7C+US+%7C+M+%7C+40%2B+%7C+%23PGS-DYN&utm_content=All+Products+%7C+MMC+Profile&fbclid=IwZXh0bgNhZW0BMABhZGlkAasy3GoRk1FzcnRjBmFwcF9pZAo2NjI4NTY4Mzc5AAEeNrheD7uTgRV8CQh9wturaNtIj7gMGXSGFEtkOWWEWmTzUsNm9Wphe47Bs20_aem_DCn1_gMLN6GRWMwGZ_3fYw&utm_id=120241800254840753_v2_s12_e7625&utm_term=120241800254840753&media_type=image|https://facebook.com/
77596377-266d-497f-8b74-fbb0bf4b7fdf|2026-05-22 14:14|14:14|1|flyover_podcast|paid|paid_other|||flyover_podcast|paid|gravite|/lpage/particle-gravite-el-fathers-day-flyover/?utm_source=flyover_podcast&utm_medium=paid&utm_campaign=gravite|
234c1cbb-3164-4d79-8e16-c3b50ac25714|2026-05-22 14:14|14:14|1|Facebook|paid_social|paid_social|||MetaAds|US | Hand Cream | Winback | Conversions | Website|All product Purchasers | All 18+|/product/particle-hand-cream/?utm_source=MetaAds&utm_medium=US+%7C+Hand+Cream+%7C+Winback+%7C+Conversions+%7C+Website&utm_campaign=All+product+Purchasers+%7C+All+18%2B&utm_content=Hand+Cream+B%26A+image+1+Dan+headline+1+text+1+PDP&fbclid=IwZXh0bgNhZW0BMABhZGlkAaswgq8M5oVzcnRjBmFwcF9pZAo2NjI4NTY4Mzc5AAEeBve0T-6gTPRzKXjxa4GCg4cwOfpGVzHHPJ-4hOSNg8zyqk4wYuqJKKY6y28_aem_dUJjv7bCGNDxR94vHxHg4Q&utm_id=120239406696210085&utm_term=120239406696180085|https://facebook.com/
0aee3711-0286-4c3a-811f-280b1b1b7c23|2026-05-22 14:14|14:14|1|direct|none|direct||||||/cart-page/|https://www.particleformen.com/product/particle-face-cream/?layout=gifts&dtc=1
ccaaf07f-3241-4d3f-b468-8cb0f3734980|2026-05-22 14:14|14:14|1|Klaviyo|email|email|||Checkout Abandonment  - (2026)|flow|Checkout Abandonment - (2026) Email #3 - FT Customers (20% off)|/cart?wck_rebuild_cart=eyJjb21wb3NpdGUiOltdLCJub3JtYWxfcHJvZHVjdHMiOnsiMGYxMGU4ZGQxNjViM2I1MTRlMDIxYzM5NDE4NDFlMzkiOnsicHJvZHVjdF9pZCI6MjE2OTI4LCJxdWFudGl0eSI6MiwidmFyaWF0aW9uX2lkIjowLCJ2YXJpYXRpb24iOltdfSwiMzlkNzVhYTU2OTk1NWU0Y2M4NmExY2Y2MDFmMDhhNjIiOnsicHJvZHVjdF9pZCI6MjE2OTE5LCJxdWFudGl0eSI6MiwidmFyaWF0aW9uX2lkIjowLCJ2YXJpYXRpb24iOltdfX19&utm_source=Checkout%20Abandonment%20%20-%20%282026%29&utm_medium=flow&utm_campaign=Checkout%20Abandonment%20-%20%282026%29%20Email%20%233%20-%20FT%20Customers%20%2820%25%20off%29&utm_id=TRCEkp&utm_term=A%20Quick%20Trick%20For%20Your%20Order&nb_klid=01KN721HDDB6HNSQ77D0G11WYH&_kx=e3YZrW7ssu1xMo4M9i6Uz7SrMtqoEyE0ym3yf8c9ZkNXfX_xXdYoX6BmGOThJJKC.NRTHD9|
46711c44-745c-4e3b-83ae-ce58974c4477|2026-05-22 14:14|14:14|1|direct|none|direct||||||/cart-page/?_nocache=1779458947|
28852779-06f2-40c1-a2e5-da5669411324|2026-05-22 14:14|14:14|1|Facebook|paid_social|paid_social|||MetaAds|Catalog  | US | Dynamic Retargeting | Conversions|Add to Cart 30 Days | US | 18+|/product/particle-face-cream/?utm_source=MetaAds&utm_medium=Catalog++%7C+US+%7C+Dynamic+Retargeting+%7C+Conversions&utm_campaign=Add+to+Cart+30+Days+%7C+US+%7C+18%2B&utm_content=All+Products&fbclid=IwZXh0bgNhZW0BMABhZGlkAasy3GScexFzcnRjBmFwcF9pZAwzNTA2ODU1MzE3MjgAAR6dmg28WJE00-PifTo9YLFjXXiGsA3wPz92ia9Xq_7Nn60-cNW9EbIEM3Z9mw_aem_DkTDSQ41wxlRXBzuQow1yw&utm_id=23845507112770752_v2_s01_e475_i20260522&utm_term=23845507112770752&media_type=image|http://m.facebook.com/
e106f351-3617-49db-8377-05f2c38f7e5d|2026-05-22 14:14|14:14|1|direct|none|direct||||||/cart-page/?_nocache=1779459271|https://www.particleformen.com/cart-page/?_nocache=1779459264
5e4e15f2-d2a4-4abe-ac79-09d1dd0f0afc|2026-05-22 14:14|14:14|1|Facebook|paid_social|paid_social|||MetaAds|US | Grapevine Dynamic Prospecting | Conversions|MMC | Broad | US | M | 40+ | #PGS-DYN|/product/particle-infinite-male/?utm_source=MetaAds&utm_medium=US+%7C+Grapevine+Dynamic+Prospecting+%7C+Conversions&utm_campaign=MMC+%7C+Broad+%7C+US+%7C+M+%7C+40%2B+%7C+%23PGS-DYN&utm_content=All+Products+%7C+MMC+Profile&fbclid=IwZXh0bgNhZW0BMABhZGlkAasy3GoRk1FzcnRjBmFwcF9pZAo2NjI4NTY4Mzc5AAEeK0c5dojX3fyTqkwIYXWG7pr8vRKS6SlwKqDZrYL9w1TxdjsnXx0TDDUxFRQ_aem_94ZgU6zSXnIKS829dpXh6w&utm_id=120241800254840753_v2_s04_e475_i20260522&utm_term=120241800254840753&media_type=image|https://facebook.com/
f7114382-b0cc-4c19-b3a9-72384036b404|2026-05-22 14:14|14:14|1|Klaviyo|email|email|||campaign|email|22.05.26 - Memorial Day kick off (Email) [Eikona Full Creative]|/?coupon-code=MEMORIAL25&utm_source=campaign&utm_medium=email&utm_campaign=22.05.26%20-%20Memorial%20Day%20kick%20off%20%28Email%29%20%5BEikona%20Full%20Creative%5D&utm_id=V53AN2&utm_term=%7B%7B%20event.subject_line_a6937162%20%7D%7D&nb_klid=01JCHMHTWQCV3D73NQ12H94MRS&_kx=ktwPQIpWf3ekclrEez8tVpQCbRcE7EbkCd-iAq3vaNs.NRTHD9|https://link.edgepilot.com/
967849bc-e279-487f-8b63-e858d4b9225c|2026-05-22 14:14|14:14|1|Facebook|paid_social|paid_social|||MetaAds|US | Cream | Prospecting | Conversions | Advantage  sale campaign 9/11/2025 | Website|Broad | US | M | 45  | Grapevine | |/lpage/particle-face-cream-el-gv/?utm_source=MetaAds&utm_medium=US%20|%20Cream%20|%20Prospecting%20|%20Conversions%20|%20Advantage+%20sale%20campaign%209/11/2025%20|%20Website&utm_campaign=Broad%20|%20US%20|%20M%20|%2045+%20|%20Grapevine%20|%20#PGS-FC&utm_content=GV%20Brent%20Burden%20Jan.%202026%20image%201%20Aging%20headline%20Long%20text%20MMC%20Page%20ElPage%20Social%20Proof&utm_id=120234524273950085&utm_term=120244961715380085&fbclid=PAYW9leAR9RBVleHRuA2FlbQEwAGFkaWQBqzLfbb2hZXNydGMGYXBwX2lkDzU2NzA2NzM0MzM1MjQyNwABp_k0qP9Ms5kjEKiY7V6PZ5GQF7lIZUKvkYGpYz-kWoCEdcxtymApniM7Sepz_aem_gJuI6l6-nXtpb0GwG5AeSA|
023b7059-40ac-465e-9caa-6c34008b1c8f|2026-05-22 14:14|14:14|1|direct|none|direct||||||/product/particle-instant-eye-firming-cream/?_gl=1*uvv539*_gcl_au*MzYyMDMyMDczLjE3Nzk0NTkyNDA.*FPAU*MzYyMDMyMDczLjE3Nzk0NTkyNDA.*_ga*MjYzNDI3NDQxLjE3Nzk0NTkyNDI.*_ga_2QZ8B2F906*czE3Nzk0NTkyNDEkbzEkZzAkdDE3Nzk0NTkyNDEkajYwJGwwJGgxNTc2MDMxMzYz*_fplc*NEhlNWVtWm1SYzdZMUtOSlFFRUpZT29vWU5WbWx6WjNjSU1pQkdYY1V5eHhsYVJWTTQyazJQYmJjJTJCbFA0dDhjV1lEN3JHTUpFN0U0NklUbUs3eUolMkZJOTUxVE5icFJhWGdKZFExMVpqQWR6bTI1UmR0dG44bTRucTl6MFB1USUzRCUzRA..|
6e67bee2-467a-4648-8030-07ac87976b2f|2026-05-22 14:14|14:14|1|direct|none|direct||||||/product/particle-gravite/?media_type=image#price|
c4bd0e89-da52-4e22-a9dd-7ca57b83c9bd|2026-05-22 14:14|14:14|1|Facebook|paid_social|paid_social|||MetaAds|US | Head Turner Set | Winback | Conversions | Memorial Day Sale 2026 | Website|US | Winback | Website | Audience+ | Value Rules - 90% Bid Decrease | Placement Exclusions|/product/head-turner-set/?utm_source=MetaAds&utm_medium=US+%7C+Head+Turner+Set+%7C+Winback+%7C+Conversions+%7C+Memorial+Day+Sale+2026+%7C+Website&utm_campaign=US+%7C+Winback+%7C+Website+%7C+Audience%2B+%7C+Value+Rules+-+90%25+Bid+Decrease+%7C+Placement+Exclusions&utm_content=Head+Turner+Set+Memorial+Day+Sale+2026+Image+V1+Dan+PDP&fbclid=IwZXh0bgNhZW0BMABhZGlkAasy2XJq5yFzcnRjBmFwcF9pZAo2NjI4NTY4Mzc5AAEebHy7gbLupVzQoPyt95zZaRve25Jus1E4Qd-Lrtcu88sdo_3DedDDAHvnBGM_aem_sYzbtD3gzK1vawOqeCPZXw&utm_id=120245518514500753_v2_s04_e475_i20260522&utm_term=120245518514500753|https://facebook.com/
930c82c7-7f27-4d83-8ccd-560442d70aeb|2026-05-22 14:14|14:14|1|Klaviyo|email|email|||campaign|email|22.05.26 - Memorial Day kick off (Email) [Eikona Full Creative]|/?coupon-code=MEMORIAL25&utm_source=campaign&utm_medium=email&utm_campaign=22.05.26%20-%20Memorial%20Day%20kick%20off%20%28Email%29%20%5BEikona%20Full%20Creative%5D&utm_id=V53AN2&utm_term=%7B%7B%20event.subject_line_a6937162%20%7D%7D&nb_klid=01JCHMHTWQCV3D73NQ12H94MRS&_kx=ktwPQIpWf3ekclrEez8tVpQCbRcE7EbkCd-iAq3vaNs.NRTHD9|https://link.edgepilot.com/
21e8834c-5382-4dd4-bf6a-23bb8a9d5ce6|2026-05-22 14:14|14:14|2|Klaviyo|email|email|||campaign|email|22.05.26 - Memorial Day kick off (Email) [Eikona Full Creative]|/?coupon-code=MEMORIAL25&utm_source=campaign&utm_medium=email&utm_campaign=22.05.26%20-%20Memorial%20Day%20kick%20off%20%28Email%29%20%5BEikona%20Full%20Creative%5D&utm_id=V53AN2&utm_term=%7B%7B%20event.subject_line_a6937162%20%7D%7D&nb_klid=01JEMA6X47XR97AQPX5XXSWNSV&_kx=HOt2zJkH5smscpLybCsn38rKPiLdZ1AfQ9oIfTDgBf8.NRTHD9|
efac0c3e-167e-444e-b976-93104005d8ae|2026-05-22 14:14|14:14|1|Google Ads|cpc|paid_search||12884949322|google|cpc||/product/particle-face-cream/?utm_source=google&utm_campaign=&utm_agid=197139217896&utm_term=&utm_medium=cpc&creative=809459403028&device=c&placement=&utm_source=google&utm_campaign=Discovery_Face_Cream_Retargeting_USA&utm_agid=197139217896&utm_term=&utm_medium=cpc&creative=809459403028&device=c&placement=&gad_source=0&gad_campaignid=12884949322&gclid=Cj0KCQjw_b_QBhCSARIsAP6hR4dTn3qZ8H6piu9AE74NPaC_cMOmf35Nb3n-KHpHWE7GwSqSd1NQdUMaAkFUEALw_wcB|
c5495321-08e5-41fa-b21e-1181160d5072|2026-05-22 14:14|14:14|1|flyover_section|paid|paid_other|||flyover_section|paid|iefc_may222026|/lpage/particle-instant-eye-firming-cream-el-flyover/?utm_source=flyover_section&utm_medium=paid&utm_campaign=iefc_may222026|
2ef72800-d4c6-478c-b3f1-ada2b6176dcf|2026-05-22 14:14|14:14|1|Klaviyo|email|email||||||/product/particle-neck-cream/?coupon-code=MEMORIAL25&nb_klid=01FGV5TKNMRED0C159Y54TH66M|
8a4adff1-d71f-4c9d-a4b5-936aa0850b5f|2026-05-22 14:14|14:14|1|direct|none|direct||||||/cart-page/?_nocache=1779459267|https://www.particleformen.com/checkout/
aa93126b-5f95-4aed-a27c-982186745ba7|2026-05-22 14:14|14:14|1|Audience Network|paid_social|paid_social|Audience Network|23852759474890752||||/lpage/particle-hair-growth-bundle-el/?Ad+Set+Name=adset_name%3DShampoo+%2B+Hair+Revival+Kit+%2B+Hair+Gummies+Product+Page+Visitors+180+Days+%7C+US+%7C+M+%7C+18%2B&Ad+Name=ad_name%3DHair+growth+bundle+Pre+branded+image+1+headline+1+10+Reasons+LP&nbt=nb%3Afb%3Aan%3A23852759474890752%3A23852762426810752%3A23853126432280752&nb_placement=an|https://l.facebook.com/
fc50c937-11c3-4a7d-87c4-49d9bc295d77|2026-05-22 14:14|14:14|1|Klaviyo|email|email|||campaign|email|22.05.26 - Memorial Day kick off (Email) [Eikona Full Creative]|/all-products/?utm_source=campaign&utm_medium=email&utm_campaign=22.05.26%20-%20Memorial%20Day%20kick%20off%20%28Email%29%20%5BEikona%20Full%20Creative%5D&utm_id=V53AN2&utm_term=%7B%7B%20event.subject_line_a6937162%20%7D%7D&nb_klid=01HR86J9KY12B45R7NXRQEECHN&_kx=KLOkmQ0sVeu1_k6oaQcVye-coRNsBiWRVHpwOlV57Jo.NRTHD9#wellness|
613a6737-5504-4613-8b91-af9dafa81636|2026-05-22 14:14|14:14|1|direct|none|direct||||||/thank-you-order/?order_id=3891595&key=|https://www.particleformen.com/checkout/?after_login=1
9ccf4804-e7a6-4025-b155-e83a9fbb8c11|2026-05-22 14:14|14:14|1|Facebook|paid_social|paid_social|||MetaAds|US | Hair Revival Kit | Winback | Conversions | Website|US | Winback | Memorial Day Sale 2026 | Audience+ | Value Rules | Customers Exclusions|/product/particle-hair-revival-kit/?utm_source=MetaAds&utm_medium=US+%7C+Hair+Revival+Kit+%7C+Winback+%7C+Conversions+%7C+Website&utm_campaign=US+%7C+Winback+%7C+Memorial+Day+Sale+2026+%7C+Audience%2B+%7C+Value+Rules+%7C+Customers+Exclusions&utm_content=Hair+Revival+Kit+Memorial+Day+Sale+2026+Image+V3+Dan+PDP&fbclid=IwZXh0bgNhZW0BMABhZGlkAasy2W_3KAFzcnRjBmFwcF9pZAo2NjI4NTY4Mzc5AAEeTWpGjB0R-l4Q82PpL26ckH7BPffRCwUZ9nmlpsb970tPkB7-de1NT-MLeLY_aem_YWdncwCvEp1TjENlqyEgTWlsObbU&brid=YWdncwGvEp1TjENlqyEgTWlsObbU&utm_id=120245593124220753_v2_s03_e475_i20260522&utm_term=120245593124220753|https://facebook.com/
0c5fc394-8412-4053-aad4-2e94489d50e3|2026-05-22 14:14|14:14|1|Klaviyo|email|email|||[Mailability] AI Hyper Intent (2026) - B Tier|email|[Mailability] AI Hyper Intent (2026) - (B+ Tier) Email 1 (Anti Aging Branch) - CEO Letter – Aging Done Right - 30 Min Delay | Message 1|/product/particle-face-cream/?coupon-code=ROUTINE25&utm_source=%5BMailability%5D%20AI%20Hyper%20Intent%20%282026%29%20-%20B%20Tier&utm_medium=email&utm_campaign=%5BMailability%5D%20AI%20Hyper%20Intent%20%282026%29%20-%20%28B%2B%20Tier%29%20Email%201%20%28Anti%20Aging%20Branch%29%20-%20CEO%20Letter%20%E2%80%93%20Aging%20Done%20Right%20-%2030%20Min%20Delay%20%7C%20Message%201&utm_id=YkdCF6&utm_term=A%20Message%20From%20One%20Of%20Our%20Directors&nb_klid=01KHR6E6ZN4CD6XBCJWJ4SD4DE&_kx=7BYV-zHQeb7FVj02RlGvK2J-nJ-eHD31icH3978MHzQ.NRTHD9|
594956ea-e4b4-4e7c-b2b3-eacade74975e|2026-05-22 14:14|14:14|1|atwave|paid|paid_other|||atwave|paid|fc_sep2025|/lpage/particle-face-cream-el-atwave/?utm_source=atwave&utm_medium=paid&utm_campaign=fc_sep2025&utm_term=1402&utm_clickid=72952998|
2aabe6fe-70b7-4683-a3ba-f6628a9a0070|2026-05-22 14:14|14:14|1|direct|none|direct||||||/checkout/?after_login=1|https://www.particleformen.com/checkout/
2eb86380-eb4e-4a1f-81ec-a547cb70dd9b|2026-05-22 14:14|14:14|2|Klaviyo|email|email|||campaign|email|22.05.26 - Memorial Day kick off (Email) [Eikona Full Creative]|/all-products/?coupon-code=MEMORIAL25&utm_source=campaign&utm_medium=email&utm_campaign=22.05.26%20-%20Memorial%20Day%20kick%20off%20%28Email%29%20%5BEikona%20Full%20Creative%5D&utm_id=V53AN2&utm_term=%7B%7B%20event.subject_line_a6937162%20%7D%7D&nb_klid=01K6RQ3Q93JW0YAZZ1KHF1R114&_kx=ax3VYxCXajRjerGGy5lAVSv4T2bfzHu1uGoENSTD22tXfX_xXdYoX6BmGOThJJKC.NRTHD9|
1d1156e3-0a13-4894-924e-7465468eab31|2026-05-22 14:14|14:14|1|direct|none|direct||||||/cart-page/?_nocache=1779459235|https://www.particleformen.com/cart-page/?_nocache=1779459093
71cefabf-357e-4871-a1c8-317805692220|2026-05-22 14:14|14:14|1|Klaviyo|email|email|||campaign|email|22.05.26 - Memorial Day kick off (Email) [Eikona Full Creative]|/all-products/?utm_source=campaign&utm_medium=email&utm_campaign=22.05.26%20-%20Memorial%20Day%20kick%20off%20%28Email%29%20%5BEikona%20Full%20Creative%5D&utm_id=V53AN2&utm_term=%7B%7B%20event.subject_line_a6937162%20%7D%7D&nb_klid=01H7TD4KS9F6HTHSX737RZM97R&_kx=TWCHoDlhs_DGSmV7TodF7-uHgTgQit0fUkqBB-aEFV8.NRTHD9#fragrance|
5ed8e5f9-e92d-4281-a96b-8bb0492e904b|2026-05-22 14:14|14:14|1|Klaviyo|email|email|||campaign|email|22.05.26 - Memorial Day kick off (Email) [Eikona Full Creative]|/all-products/?utm_source=campaign&utm_medium=email&utm_campaign=22.05.26%20-%20Memorial%20Day%20kick%20off%20%28Email%29%20%5BEikona%20Full%20Creative%5D&utm_id=V53AN2&utm_term=%7B%7B%20event.subject_line_a6937162%20%7D%7D&nb_klid=01GN5QHPMZZB6Q9A8N69JVTX8Y&_kx=fqzXasbT73NXGfjq4uKl0RbM0EAQZ130Bb9jcIGi66E.NRTHD9#face|android-app://com.google.android.gm/
42eda7d3-220f-4621-bd23-504f86f0c246|2026-05-22 14:14|14:14|1|direct|none|direct||||||/product/particle-face-cream/?layout=gifts|https://www.particleformen.com/lpage/particle-face-cream-el-atwave/?utm_source=atwave&utm_medium=paid&utm_campaign=fc_sep2025&utm_term=1168&utm_clickid=72952784
14f5d5b4-63a9-4483-bccb-f0a0a89a3e67|2026-05-22 14:14|14:14|1|direct|none|direct||||||/product/particle-instant-eye-firming-cream/?_gl=1*2zzvpp*_gcl_au*ODQ4NzYyOTE3LjE3Nzk0NTkyMDU.*FPAU*ODQ4NzYyOTE3LjE3Nzk0NTkyMDU.*_ga*ODg4Njk5NTUyLjE3Nzk0NTkyMDU.*_ga_2QZ8B2F906*czE3Nzk0NTkyMDMkbzEkZzAkdDE3Nzk0NTkyMDMkajYwJGwwJGgxMDcyNjY3MTU.*_fplc*em5tRnJDYmE3bHBCSWVyS2lpWnpWTXRiaHJzd0pHYXlMQUklMkZ4c2trUmNOT2lIR3RubUxIcFVIdDNmWUtxaSUyQlliMnVpd2VXQTZHSURSSzc5WjJzZldIRjF3WnclMkJpNTZSZEd6ZFZvVFZVUyUyQmZjbkxZJTJGcm5DT21UMUlKSDBvdyUzRCUzRA..|
65f72ded-3044-4dd2-97cf-7bb32c540e63|2026-05-22 14:14|14:14|1|Klaviyo|email|email|||campaign|email|22.05.26 - Memorial Day kick off (Email) [Eikona Full Creative]|/product/particle-face-cream/?coupon-code=MEMORIAL25&utm_source=campaign&utm_medium=email&utm_campaign=22.05.26%20-%20Memorial%20Day%20kick%20off%20%28Email%29%20%5BEikona%20Full%20Creative%5D&utm_id=V53AN2&utm_term=%7B%7B%20event.subject_line_a6937162%20%7D%7D&nb_klid=01KQ0BD54FR655SYNHFZ8G919F&_kx=n6ejq7L48Ev0WOZfz5srdyT1zIlIcYohg9CdxtUdGtI.NRTHD9|
b2693871-0a6e-40d9-9582-10f3aa979b62|2026-05-22 14:14|14:14|1|Facebook|paid_social|paid_social|||MetaAds|US | Ultimate Men's Gift Bundle | Winback | Conversions | Memorial Day Sale 2026 | Website|US | Winback | Website | MF 18+ | Placement Exclusions|/product/particle-ultimate-mens-gift-bundle/?utm_source=MetaAds&utm_medium=US+%7C+Ultimate+Men%27s+Gift+Bundle+%7C+Winback+%7C+Conversions+%7C+Memorial+Day+Sale+2026+%7C+Website&utm_campaign=US+%7C+Winback+%7C+Website+%7C+MF+18%2B+%7C+Placement+Exclusions&utm_content=Ultimate+Men%27s+Gift+Bundle+Memorial+Day+Sale+2026+Image+V3+Dan+PDP&fbclid=IwZXh0bgNhZW0BMABhZGlkAasy2XCPvoFzcnRjBmFwcF9pZAwzNTA2ODU1MzE3MjgAAR4qynIbh1a5Uth2kcq1YJEv-sq-pQQwD77vlO2ronSuo9L4sjg5XJeHZpeffg_aem_L_gqvbsFcLEASSeAyo6yrA&utm_id=120245519023530753_v2_s09_e7623&utm_term=120245519023530753|http://m.facebook.com/
57ee01b4-21b6-4f47-b4ea-439d604795d5|2026-05-22 14:14|14:14|1|direct|none|direct||||||/thank-you-order/?order_id=3891593&key=|https://www.particleformen.com/checkout/
0ff12eda-f1b6-4be1-b19e-a98b2f8a9418|2026-05-22 14:14|14:14|1|Facebook|paid_social|paid_social|||MetaAds|Catalog  | US | Dynamic Retargeting | Conversions|Add to Cart 30 Days | US | 18+|/product/particle-face-cream/?utm_source=MetaAds&utm_medium=Catalog++%7C+US+%7C+Dynamic+Retargeting+%7C+Conversions&utm_campaign=Add+to+Cart+30+Days+%7C+US+%7C+18%2B&utm_content=All+Products&utm_id=23845507112770752_v2_s10_e7646_pc_1&utm_term=23845507112770752&fbclid=IwY2xjawR9Q_VleHRuA2FlbQEwAGFkaWQBqzLcZJx7EXVzcm0AAAAAAAAAF3NydGMGYXBwX2lkDzI0NTc5MDgxODk1NTg2OAABHpTBjroJHfg3OznlGf2O3uD2BL3uc4yki4bXHyldmJkH3EP7--YsFt2CvJ0i_aem_698uBdD3comyH1d5v2KDpg|https://l.facebook.com/
b48b0245-bef8-4781-9351-3465db95a98d|2026-05-22 14:14|14:14|2|Klaviyo|email|email|||campaign|email|22.05.26 - Memorial Day kick off (Email) [Eikona Full Creative]|/?coupon-code=MEMORIAL25&utm_source=campaign&utm_medium=email&utm_campaign=22.05.26%20-%20Memorial%20Day%20kick%20off%20%28Email%29%20%5BEikona%20Full%20Creative%5D&utm_id=V53AN2&utm_term=%7B%7B%20event.subject_line_a6937162%20%7D%7D&nb_klid=01JM4RW2XWJ7YQE6AVHWDEHP6G&_kx=S0ztf5nWmsdVKGRC-cWPGRbM0EAQZ130Bb9jcIGi66E.NRTHD9|
14258cd9-2e0e-47e8-a5dd-d117d92250d0|2026-05-22 14:14|14:14|1|Audience Network|paid_social|paid_social|Audience Network|23852759474890752||||/lpage/particle-hair-growth-bundle-el/?Ad+Set+Name=adset_name%3DShampoo+%2B+Hair+Revival+Kit+%2B+Hair+Gummies+Product+Page+Visitors+180+Days+%7C+US+%7C+M+%7C+18%2B&Ad+Name=ad_name%3DHair+growth+bundle+Pre+branded+image+1+headline+1+10+Reasons+LP&nbt=nb%3Afb%3Aan%3A23852759474890752%3A23852762426810752%3A23853126432280752&nb_placement=an|https://l.facebook.com/
d86f4050-5f5d-4f6a-aa84-51e4565e458b|2026-05-22 14:14|14:14|1|Audience Network|paid_social|paid_social|Audience Network|23852759474890752||||/lpage/particle-hair-growth-bundle-el/?Ad+Set+Name=adset_name%3DShampoo+%2B+Hair+Revival+Kit+%2B+Hair+Gummies+Product+Page+Visitors+180+Days+%7C+US+%7C+M+%7C+18%2B&Ad+Name=ad_name%3DHair+growth+bundle+product+image+1+headline+1+text+1+10+Reasons+LP&nbt=nb%3Afb%3Aan%3A23852759474890752%3A23852762426810752%3A23852762463360752&nb_placement=an|https://l.facebook.com/
f4e5c3e8-678c-4f2c-8907-0f1e39b5d0e1|2026-05-22 14:14|14:14|1|patriot|paid|paid_other|||patriot|paid|fc_may2026|/lpage/particle-face-cream-el-patriot/?utm_source=patriot&utm_medium=paid&utm_campaign=fc_may2026|
af08fa43-9d5c-4ecd-981e-89f36c5db8ae|2026-05-22 14:14|14:14|2|direct|none|direct||||||/all-products/#hair|https://www.particleformen.com/
c0a162cd-8f11-4599-a4f6-0ded817a15e9|2026-05-22 14:14|14:14|1|Klaviyo|email|email||||||/product/particle-face-cream/?coupon-code=MEMORIAL25&nb_klid=01GGG6ZCFFP1MECMYXS43ZV3K8|
151f5154-42be-48e9-aa20-c3f0f1112e4e|2026-05-22 14:14|14:14|1|Facebook|paid_social|paid_social|||MetaAds|US | Dr. Blane - Grapevine Dynamic Prospecting | Conversions | Memorial Day Sale 2026|Dr. Blane - GV Memorial Day Sale Catalog | US | Audience+ | Value Rules|/product/particle-hand-cream/?media_type=image&utm_source=MetaAds&utm_medium=US+%7C+Dr.+Blane+-+Grapevine+Dynamic+Prospecting+%7C+Conversions+%7C+Memorial+Day+Sale+2026&utm_campaign=Dr.+Blane+-+GV+Memorial+Day+Sale+Catalog+%7C+US+%7C+Audience%2B+%7C+Value+Rules&utm_content=All+Products+%7C+Dr.+Blane+Memorial+Day+Sale+2026+Catalog+%7C+GV&fbclid=IwZXh0bgNhZW0BMABhZGlkAasy3GqXs0FzcnRjBmFwcF9pZAo2NjI4NTY4Mzc5AAEe2M3g5ERQbpgcgXPA35YUoC_CxByY_K5aEkVoMNYU25XUGUNwCsHpS7Y4FtQ_aem_rhu3E5rGO1MDLZULav2cKg&utm_id=120245666095290753_v2_s03_e475_i20260522&utm_term=120245666095290753|https://l.facebook.com/
1b2e5895-7cfc-438e-812e-f8cc1edb039a|2026-05-22 14:13|14:13|1|direct|none|direct||||||/lpage/particle-instant-eye-firming-cream-el-flyover/|
9f7022f5-d558-4709-8191-0c6804abe768|2026-05-22 14:13|14:13|1|Klaviyo|email|email|||campaign|email|22.05.26 - Memorial Day kick off (Email) [Eikona Full Creative]|/?coupon-code=MEMORIAL25&utm_source=campaign&utm_medium=email&utm_campaign=22.05.26%20-%20Memorial%20Day%20kick%20off%20%28Email%29%20%5BEikona%20Full%20Creative%5D&utm_id=V53AN2&utm_term=%7B%7B%20event.subject_line_a6937162%20%7D%7D&nb_klid=01JC2EXQJ05TR5D49M96VHKZYG&_kx=wJCS_0kC2wPRaDLDtz-6FqqOV0LnBraSznZcLm9xSuE.NRTHD9|
6dae89f4-0b09-4426-9a17-23eb42b3c75c|2026-05-22 14:13|14:13|1|Facebook|paid_social|paid_social|||MetaAds|US | Dr. Blane - Grapevine Dynamic Prospecting | Conversions | 04/05/2026|Dr. Blane - GV Catalog | Broad | US | M | 40+ | #PGS-DYN|/product/particle-hand-cream/?media_type=image&utm_source=MetaAds&utm_medium=US+%7C+Dr.+Blane+-+Grapevine+Dynamic+Prospecting+%7C+Conversions+%7C+04%2F05%2F2026&utm_campaign=Dr.+Blane+-+GV+Catalog+%7C+Broad+%7C+US+%7C+M+%7C+40%2B+%7C+%23PGS-DYN&utm_content=All+Products+%7C+Dr.+Blane+Catalog+%7C+GV&utm_id=120244668203800753_v2_s09_e7623&utm_term=120244668203800753&fbclid=PAaWdkbAR9Q_JleHRuA2FlbQEwAGFkaWQBqzLcZHGagXNydGMGYXBwX2lkDzEyNDAyNDU3NDI4NzQxNAABp8SwmVuMPsPDHFqlKIfUh3VW17hNYxayhIo8BReGROlFBMFjVfmpeR0Hplj-_aem_M5bQohFxAZpdGWmfBwH14Q|
3d58779e-dd62-4a5d-8718-ce75f73a980b|2026-05-22 14:13|14:13|1|direct|none|direct||||||/lpage/particle-face-cream-el-patriot/|
6321bbb6-64fe-4a94-8344-f1c90d8f9ff6|2026-05-22 14:13|14:13|1|Facebook|paid_social|paid_social|||MetaAds|Catalog  | US | Dynamic Retargeting | Conversions|Add to Cart 30 Days | US | 18+|/product/particle-face-wash/?utm_source=MetaAds&utm_medium=Catalog++%7C+US+%7C+Dynamic+Retargeting+%7C+Conversions&utm_campaign=Add+to+Cart+30+Days+%7C+US+%7C+18%2B&utm_content=All+Products&fbclid=IwZXh0bgNhZW0BMABhZGlkAasy3GScexFzcnRjBmFwcF9pZAo2NjI4NTY4Mzc5AAEeiRczmi8AE40T9bAAChFbXo1zAFHX6ToCBB29sC6fnx_r0NA61za05GA_xFc_aem_CZ2q9PW6GqFdZDsyDQqf2g&utm_id=23845507112770752_v2_s01_e475_i20260522&utm_term=23845507112770752&media_type=image|https://facebook.com/
4336681f-3568-48e1-ac07-c5693b4cb6da|2026-05-22 14:13|14:13|1|Klaviyo|email|email||||||/my-account/particle-rewards/?nb_klid=01G0QEKKVRNRT4FZWPBVVC4AGC|
91bf1d15-9ef6-43b9-a898-fe9bd17b456b|2026-05-22 14:13|14:13|1|direct|none|direct||||||/cart-page/?_nocache=1779459234|
19d37c02-ff53-42a1-9122-772efe092f2c|2026-05-22 14:13|14:13|1|direct|none|direct||||||/product/particle-gravite/#price|https://www.particleformen.com/?coupon-code=MEMORIAL25&utm_source=Klaviyo+Campaign&utm_medium=sms&utm_campaign=%5BSMS%5D+21.05.26+-+Memorial+Day+Early+Bird+-+25%25+off&utm_id=01KRTA3WBV8ZKYXAAGY6ZYMPV7&nb_klid=01HCB99YB211FTNXV5773R02P4&_kx=StZ2Hbm4OU5qSZMkBSXvMPbnvhiJAgOwKridajqN-IH0wMqBpJddY74grmh_UEUS0JO6tSPdRu-LwEPBhlPusw.NRTHD9
e02618f5-74e1-471f-917e-8a8b7a317cd5|2026-05-22 14:13|14:14|2|Klaviyo|sms|sms|||Klaviyo Campaign|sms|[SMS] 21.05.26 - Memorial Day Early Bird - 25% off|/?coupon-code=MEMORIAL25&utm_source=Klaviyo+Campaign&utm_medium=sms&utm_campaign=%5BSMS%5D+21.05.26+-+Memorial+Day+Early+Bird+-+25%25+off&utm_id=01KRTA3WBV8ZKYXAAGY6ZYMPV7&nb_klid=01H80CFMZ7ZV8BWR40CS12A8YP&_kx=WdJNRb87FEWHKF8PCVJ4fC4VULMZw6ZeXpJZD-UMFBXawZgpfCG6dmcd6C5qCnQmI0gbTS-fsbHpsVXedN161A.NRTHD9|
7eaee410-c4cb-4b79-8561-5b0a948ac18a|2026-05-22 14:13|14:13|1|Klaviyo|email|email|||campaign|email|22.05.26 - Memorial Day kick off (Email) [Eikona Full Creative]|/product/particle-neck-cream/?coupon-code=MEMORIAL25&utm_source=campaign&utm_medium=email&utm_campaign=22.05.26%20-%20Memorial%20Day%20kick%20off%20%28Email%29%20%5BEikona%20Full%20Creative%5D&utm_id=V53AN2&utm_term=%7B%7B%20event.subject_line_a6937162%20%7D%7D&nb_klid=01FGV5TKNMRED0C159Y54TH66M&_kx=TY39YFgVy2qlO2BFNibrItxu5Wk3uwtHnzmaecyqZAE.NRTHD9|
e8c3e3a5-82f4-478a-8c6b-f336bb22c79e|2026-05-22 14:13|14:14|2|Klaviyo|email|email|||Long Term Products Replenishment + Winback Flow (2026)|email|Long Term Products Replenishment + Winback Flow (2026)  - Email #1  - Top Tier / 2+ (Day 30) - Subscription|/subscriptions/?utm_source=Long%20Term%20Products%20Replenishment%20%2B%20Winback%20Flow%20%282026%29&utm_medium=email&utm_campaign=Long%20Term%20Products%20Replenishment%20%2B%20Winback%20Flow%20%282026%29%20%20-%20Email%20%231%20%20-%20Top%20Tier%20%2F%202%2B%20%28Day%2030%29%20-%20Subscription&utm_id=UU2vyy&utm_term=%7B%7B%20person.first_name%7Cdefault%3A%27Friend%27%20%7D%7D%2C%20Put%20Your%20Routine%20On%20Autopilot&nb_klid=01J1XFSHV8SHQ7XH43FJB8628B&_kx=kDUZN3o4ZJXE_3r9QuByKnTT77FK-8wxoSqiw_qTXP8.NRTHD9|
4fc955ce-bfa0-4663-8bd1-803e3c48250a|2026-05-22 14:13|14:13|1|direct|none|direct||||||/lpage/particle-face-cream-el/?prm=1&device=m&device=m&device=m|
566aa9af-9981-4e5d-8e20-d33462bb9fb2|2026-05-22 14:13|14:13|1|flyover_section|paid|paid_other|||flyover_section|paid|iefc_may222026|/lpage/particle-instant-eye-firming-cream-el-flyover/?utm_source=flyover_section&utm_medium=paid&utm_campaign=iefc_may222026|
0d226b79-fb51-4833-81f5-5db13c5688a4|2026-05-22 14:13|14:13|1|Facebook|paid_social|paid_social|Meta Other|120242235759480085|MetaAds|US | Shaving Gel | Winback | Conversions | Website|All Purchasers (Non-Face Cream) | US | 18+|/lpage/particle-43-shaving-gel-el/?utm_source=MetaAds&utm_medium=US+%7C+Shaving+Gel+%7C+Winback+%7C+Conversions+%7C+Website&utm_campaign=All+Purchasers+%28Non-Face+Cream%29+%7C+US+%7C+18%2B&utm_content=Shaving+Gel+ADGE+We+made+a+better-for-you+Anti+Agin+Shaving+Gel+image+Flexible+Natalie+headline+1+text+long+1+ElPage&nbt=nb%3Afb%3Afb%3A120242235759480085%3A120242235759570085%3A120244182041990085&nb_placement=Others&fbclid=IwZXh0bgNhZW0BMABhZGlkAasxclcB0nVzcnRjBmFwcF9pZAo2NjI4NTY4Mzc5AAEeFNJLPeujMa3Xno1mV2xVvX8Tia5fyVQhFjqwhWpVgbM9Qp0W99ZKa7txsvQ_aem_48K2ZubqCGplB8tFzn6sAQ&utm_id=120242235759480085&utm_term=120242235759570085|https://facebook.com/
df66da25-86c8-41d8-9043-65332f14e26a|2026-05-22 14:13|14:13|1|direct|none|direct||||||/product/particle-instant-eye-firming-cream/|https://www.particleformen.com/product/particle-face-cream/?nbt=nb%3Amicrosoft%3Ao%3A603072848%3A1332610462757362%3A83288411429782&nb_mt=e&nb_bmt=bp&nb_oii=83289179135154&nb_qs=particle%20for%20men%20scam&nb_fii=&nb_li_ms=&nb_lp_ms=85894&nb_pi=&nb_pc=&nb_ci=&msclkid=dcd6f98b73f4122273dd939b103c9f9f&utm_source=bing&utm_medium=cpc&utm_campaign=Particle%20-%20Brand%20Keywords%20-%20General%20-%20USA&utm_term=particle%20for%20men%20scam&utm_content=General%20Brand%20Keywords
3d010f05-aea3-488c-917d-0ef9bca08463|2026-05-22 14:13|14:14|2|direct|none|direct||||||/cart-page/?_nocache=1779459210|https://www.particleformen.com/product/particle-anti-gray-serum/?media_type=image&utm_source=MetaAds&utm_medium=US+%7C+Dynamic+Prospecting+%7C+Conversions&utm_campaign=Broad+%7C+US+%7C+M+%7C+40%2B&utm_content=All+Products&utm_id=23847070614750752_v2_s02_e475_i20260522&utm_term=23847070614750752&fbclid=PAZXh0bgNhZW0BMABhZGlkAasy3GQfDbFzcnRjBmFwcF9pZA8xMjQwMjQ1NzQyODc0MTQAAacZwzHPppZJjMFT-uE3876uyl43b0GyJgwZ6DBEjf9CJT7ikirKrHb4SXFwgQ_aem_bQmQeO4PJFaopB9mRO0Y9A
652e81fd-bf22-4d0c-ae71-658c2c5fba9e|2026-05-22 14:13|14:13|1|Klaviyo|email|email|||campaign|email|22.05.26 - Memorial Day kick off (Email) [Eikona Full Creative]|/?coupon-code=MEMORIAL25&utm_source=campaign&utm_medium=email&utm_campaign=22.05.26%20-%20Memorial%20Day%20kick%20off%20%28Email%29%20%5BEikona%20Full%20Creative%5D&utm_id=V53AN2&utm_term=%7B%7B%20event.subject_line_a6937162%20%7D%7D&nb_klid=01KC2RTJS5Z880RGFDAW1HEAEB&_kx=egdjke7HclWcYOnrA0N7mU7BkQJlmGT0vrc-pm6HQmA.NRTHD9|
569bb79a-85ee-46f7-aed8-4b3e94e7fddf|2026-05-22 14:13|14:14|3|direct|none|direct||||||/product/particle-face-cream/?layout=gifts|https://www.particleformen.com/lpage/particle-face-cream-el/?prm=1&fbclid=PAZXh0bgNhZW0BMABhZGlkAasy3Gk5W8FzcnRjBmFwcF9pZA8xMjQwMjQ1NzQyODc0MTQAAaemV56HZhjiNGmITMJfK68yTJuT4TIMoFMhlWLNNN9aNfbQIXncwgMs25KJ9A_aem_LTgf2ZC3vPzB_mPcQ8p33g&utm_term=120240748431420753&utm_id=120240748431420753_v2_s12_e7625&utm_content=All+Products+%7C+Theme+%231+%7C+Memorial+Day+Sale+2026&utm_campaign=Broad+%7C+US+%7C+M+%7C+40%2B+%7C+%23PGS-DYN&utm_medium=US+%7C+Dynamic+Prospecting+%7C+Conversions+%7C+Theme+%231+Test+%7C+02%2F26%2F2026&utm_source=MetaAds&media_type=image
c23e66b4-6539-4e67-90b1-456a7ab7a623|2026-05-22 14:13|14:13|1|Facebook|paid_social|paid_social|||MetaAds|US | Grapevine Dynamic Prospecting | Conversions|MMC | Broad | US | M | 40+ | #PGS-DYN|/product/starter-bundle/?purchase-type=subscription&utm_source=MetaAds&utm_medium=US+%7C+Grapevine+Dynamic+Prospecting+%7C+Conversions&utm_campaign=MMC+%7C+Broad+%7C+US+%7C+M+%7C+40%2B+%7C+%23PGS-DYN&utm_content=All+Products+%7C+MMC+Profile&utm_id=120241800254840753_v2_s09_e7623&utm_term=120241800254840753&fbclid=IwY2xjawR9Q-RleHRuA2FlbQEwAGFkaWQBqzLcahGTUXNydGMGYXBwX2lkEDIyMjAzOTE3ODgyMDA4OTIAAR4KJkJE9P0IRYiIZCmg40k0jZnSkABcbRHjm4yLWsHNMeT3C-c0RGW73RKxxg_aem_zYoYNyQShIle5iepTAyV6A|https://l.facebook.com/
9ad00647-a33e-448d-a8f8-b9415ede3e70|2026-05-22 14:13|14:13|1|Audience Network|paid_social|paid_social|Audience Network|23852759474890752||||/lpage/particle-hair-growth-bundle-el/?Ad+Set+Name=adset_name%3DShampoo+%2B+Hair+Revival+Kit+%2B+Hair+Gummies+Product+Page+Visitors+180+Days+%7C+US+%7C+M+%7C+18%2B&Ad+Name=ad_name%3DHair+growth+bundle+Pre+branded+image+1+headline+1+10+Reasons+LP&nbt=nb%3Afb%3Aan%3A23852759474890752%3A23852762426810752%3A23853126432280752&nb_placement=an|https://l.facebook.com/
588cd8cc-6144-410c-aaf2-f69f8a3523c5|2026-05-22 14:13|14:14|2|Klaviyo|email|email|||Order Confirmation|email|Order Confirmation - Repeat Customers - Email #2|/my-account/particle-rewards/?utm_source=Order%20Confirmation&utm_medium=email&utm_campaign=Order%20Confirmation%20-%20Repeat%20Customers%20-%20Email%20%232&utm_id=RE5f3E&utm_term=%7B%7B%20person.first_name%7Cdefault%3A%27friend%27%20%7D%7D%2C%20You%20Just%20Earned%20More%20Points%21&nb_klid=01G0QEKKVRNRT4FZWPBVVC4AGC&_kx=oPoqL-bV99ixvrSspjM6AF_QmaS-4jnYqrXmzvnTO31ro5l7VcypcNCgCaw3Ie62.NRTHD9|
fff046f6-abdd-485e-bbb9-ed450dd7de4b|2026-05-22 14:13|14:13|2|Facebook|paid_social|paid_social|||MetaAds|US | Dynamic Prospecting | Conversions | Theme #1 Test | 02/26/2026|Broad | US | M | 40+ | #PGS-DYN|/lpage/particle-face-cream-el/?media_type=image&utm_source=MetaAds&utm_medium=US+%7C+Dynamic+Prospecting+%7C+Conversions+%7C+Theme+%231+Test+%7C+02%2F26%2F2026&utm_campaign=Broad+%7C+US+%7C+M+%7C+40%2B+%7C+%23PGS-DYN&utm_content=All+Products+%7C+Theme+%231+%7C+Memorial+Day+Sale+2026&utm_id=120240748431420753_v2_s12_e7625&utm_term=120240748431420753&fbclid=PAZXh0bgNhZW0BMABhZGlkAasy3Gk5W8FzcnRjBmFwcF9pZA8xMjQwMjQ1NzQyODc0MTQAAaemV56HZhjiNGmITMJfK68yTJuT4TIMoFMhlWLNNN9aNfbQIXncwgMs25KJ9A_aem_LTgf2ZC3vPzB_mPcQ8p33g|http://instagram.com/
8c026d6d-c23b-41d1-bc2d-97dc0805c0bf|2026-05-22 14:13|14:13|1|direct|none|direct||||||/thank-you-order/?order_id=3891591&key=|https://www.particleformen.com/checkout/
1632cf09-c319-4745-a649-095a4a7354b9|2026-05-22 14:13|14:14|2|direct|none|direct||||||/lpage/particle-face-cream-el-tv/|
0905a225-c6cc-410a-be79-18a8f488691d|2026-05-22 14:13|14:13|1|Facebook|paid_social|paid_social|||MetaAds|Catalog  | US | Dynamic Retargeting | Conversions|Add to Cart 30 Days | US | 18+|/product/particle-infinite-male/?utm_source=MetaAds&utm_medium=Catalog++%7C+US+%7C+Dynamic+Retargeting+%7C+Conversions&utm_campaign=Add+to+Cart+30+Days+%7C+US+%7C+18%2B&utm_content=All+Products&utm_id=23845507112770752_v2_s01_e475_i20260522&utm_term=23845507112770752&fbclid=IwY2xjawR9Q9tleHRuA2FlbQEwAGFkaWQBqzLcZJx7EXNydGMGYXBwX2lkDzI0NTc5MDgxODk1NTg2OAABHiqI9ZFOZo6NcANuCgJnXf8IszIT7r9p-WW9DS-S3nx4fnbACauQvldo_pw-_aem_xjBUNgGiN1_Vbq-2sddGSA|https://l.facebook.com/
43145baa-4482-41f2-bcb0-abadda67b4a2|2026-05-22 14:13|14:13|1|Klaviyo|email|email|||campaign|email|22.05.26 - Memorial Day kick off (Email) [Eikona Full Creative]|/all-products/?coupon-code=MEMORIAL25&utm_source=campaign&utm_medium=email&utm_campaign=22.05.26%20-%20Memorial%20Day%20kick%20off%20%28Email%29%20%5BEikona%20Full%20Creative%5D&utm_id=V53AN2&utm_term=%7B%7B%20event.subject_line_a6937162%20%7D%7D&nb_klid=01JCK8BV2Q0KTXMHF1Q25WBE6Y&_kx=kaKFZZKZMkWEIifyVlvIyavyKdAMd9PlHQjWtfCYT8w.NRTHD9|
3c23bbd2-8a73-4dde-a7e1-bd0d46461673|2026-05-22 14:13|14:14|2|direct|none|direct||||||/product/particle-hair-shampoo/?layout=gifts|https://www.particleformen.com/lpage/particle-hair-shampoo-el-atwave/?utm_source=atwave&utm_medium=paid&utm_campaign=shampoo_dec2025&utm_term=1393&utm_clickid=72949093
abae453c-dad4-43e0-a993-b2fca236c3b0|2026-05-22 14:13|14:13|1|direct|none|direct||||||/thank-you-order/?order_id=3891590&key=|https://www.particleformen.com/checkout/
15191a98-1bbd-43a5-908b-a5b1ab2a9e2b|2026-05-22 14:13|14:13|1|direct|none|direct||||||/thank-you-order/?order_id=3891589&key=|https://www.particleformen.com/checkout/
9b32a6bf-a964-44ab-ada7-336b1b2e21c2|2026-05-22 14:13|14:13|1|direct|none|direct||||||/particle-reviews/|https://www.particleformen.com/?coupon-code=MEMORIAL25&utm_source=campaign&utm_medium=email&utm_campaign=22.05.26%20-%20Memorial%20Day%20kick%20off%20%28Email%29%20%5BEikona%20Full%20Creative%5D&utm_id=V53AN2&utm_term=%7B%7B%20event.subject_line_a6937162%20%7D%7D&nb_klid=01K64F3X6S7P6G7018AQRQ9XBH&_kx=nWQi_km-TZ_EBWgGUtkVJI3NH3woYalsAvXyAXtRodhro5l7VcypcNCgCaw3Ie62.NRTHD9
03b5a58b-7bb8-4226-8db1-63e8304c89d9|2026-05-22 14:13|14:14|4|Klaviyo|email|email|||campaign|email|22.05.26 - Memorial Day kick off (Email) [Eikona Full Creative]|/?coupon-code=MEMORIAL25&utm_source=campaign&utm_medium=email&utm_campaign=22.05.26%20-%20Memorial%20Day%20kick%20off%20%28Email%29%20%5BEikona%20Full%20Creative%5D&utm_id=V53AN2&utm_term=%7B%7B%20event.subject_line_a6937162%20%7D%7D&nb_klid=01JH0VJVFGGJE4K8S6MYYF3CD1&_kx=E-sR8Ecif-WlSfs8fnh5DQuQ9eQkn66xAhFG7G4hxfP2ymKzwZiG-BZnrDFZBoHx.NRTHD9|
160eb379-d683-4ff9-9417-9c8ae211042a|2026-05-22 14:13|14:13|1|flyover_section|paid|paid_other|||flyover_section|paid|iefc_may222026|/lpage/particle-instant-eye-firming-cream-el-flyover/?utm_source=flyover_section&utm_medium=paid&utm_campaign=iefc_may222026|
1550e040-6f63-4265-bf38-a74e54a2eb00|2026-05-22 14:13|14:13|3|Klaviyo|email|email|||campaign|email|22.05.26 - Memorial Day kick off (Email) [Eikona Full Creative]|/?coupon-code=MEMORIAL25&utm_source=campaign&utm_medium=email&utm_campaign=22.05.26%20-%20Memorial%20Day%20kick%20off%20%28Email%29%20%5BEikona%20Full%20Creative%5D&utm_id=V53AN2&utm_term=%7B%7B%20event.subject_line_a6937162%20%7D%7D&nb_klid=01KB146N05XK1Z8RJF4N9E2TC3&_kx=YaIyVf0fan60qo6rXTVJ6-aTsOJJYPYr7MXnaE0NCG0.NRTHD9|
55753b39-40fe-4978-af13-b2488ed35674|2026-05-22 14:13|14:13|1|Facebook|paid_social|paid_social|||MetaAds|UK | Cream | Prospecting | Conversions | Advantage+ sale campaign 9/12/2025 | Website|Broad | UK | M | 45+|/lpage/particle-face-cream-el-uk/?utm_source=MetaAds&utm_medium=UK+%7C+Cream+%7C+Prospecting+%7C+Conversions+%7C+Advantage%2B+sale+campaign+9%2F12%2F2025+%7C+Website&utm_campaign=Broad+%7C+UK+%7C+M+%7C+45%2B&utm_content=Randall+no+banner+image+Appear+headline+review+text+1+World+page+UK+ElPage&fbclid=IwYW9zYgR9F15leHRuA2FlbQEwAGFkaWQBqzXNbC1cpXNydGMGYXBwX2lkDDM1MDY4NTUzMTcyOAABHmYg3y0DZRj24O784UPhY0bnXWxWY_B12I2YkbspqjKMTIM9K3NVVlJUTMtK_aem_8AH_Xj5GWedE2hVFc1544A&utm_id=120234655211730085&utm_term=120234655211720085|
69f46f48-b751-46c5-a717-e27d0891a853|2026-05-22 14:13|14:14|3|direct|none|direct||||||/product/particle-face-cream/|https://www.particleformen.com/product/particle-instant-eye-firming-cream/
016c78e2-719e-4a0c-a975-222ea6347776|2026-05-22 14:13|14:13|1|Snapchat|paid_social|paid_social||||||/product/bold-moves-bundle/?ScCid=d4905d95-df13-4bb0-80f3-fd655c432fde|
add4548b-7299-49ca-bfbb-95ebce52aa8a|2026-05-22 14:13|14:14|5|direct|none|direct||||||/cart-page/?_nocache=1779459198|
91c3414f-db8c-468a-a823-3e1ad55d804f|2026-05-22 14:13|14:13|1|Facebook|paid_social|paid_social|||MetaAds|Catalog  | US | Dynamic Retargeting | Conversions|Add to Cart 30 Days | US | 18+|/product/particle-body-wash/?utm_source=MetaAds&utm_medium=Catalog++%7C+US+%7C+Dynamic+Retargeting+%7C+Conversions&utm_campaign=Add+to+Cart+30+Days+%7C+US+%7C+18%2B&utm_content=All+Products&utm_id=23845507112770752_v2_s12_e7625_pc_1&utm_term=23845507112770752&fbclid=PAY2xjawR9Q8xleHRuA2FlbQEwAGFkaWQBqzLcZJx7EXNydGMGYXBwX2lkDzI0NTc5MDgxODk1NTg2OAABp1L4M9CvQQcmuhFQBKIpevPAihvAIv8CYoecrzIZSs-v7eWyHRgTNbU_imi4_aem_X6DPPlXcHXgbVdblWZUKuA|https://l.facebook.com/
4e411103-7423-4b65-8fb7-9b032fe086b2|2026-05-22 14:13|14:13|2|Klaviyo|email|email|||campaign|email|22.05.26 - Memorial Day kick off (Email) [Eikona Full Creative]|/all-products/?coupon-code=MEMORIAL25&utm_source=campaign&utm_medium=email&utm_campaign=22.05.26%20-%20Memorial%20Day%20kick%20off%20%28Email%29%20%5BEikona%20Full%20Creative%5D&utm_id=V53AN2&utm_term=%7B%7B%20event.subject_line_a6937162%20%7D%7D&nb_klid=01JCK8BV2Q0KTXMHF1Q25WBE6Y&_kx=kaKFZZKZMkWEIifyVlvIyavyKdAMd9PlHQjWtfCYT8w.NRTHD9|
de5e6e2c-3810-4554-8500-ce498e3bda77|2026-05-22 14:13|14:13|1|Facebook|paid_social|paid_social|||MetaAds|US | Smooth Skin Set | Winback | Conversions | Memorial Day Sale 2026 | Website|US | Winback | Website | Audience+ | Value Rules - 90% Bid Decrease | Placement Exclusions|/product/the-smooth-skin-set/?utm_source=MetaAds&utm_medium=US+%7C+Smooth+Skin+Set+%7C+Winback+%7C+Conversions+%7C+Memorial+Day+Sale+2026+%7C+Website&utm_campaign=US+%7C+Winback+%7C+Website+%7C+Audience%2B+%7C+Value+Rules+-+90%25+Bid+Decrease+%7C+Placement+Exclusions&utm_content=Smooth+Skin+Set+Memorial+Day+Sale+2026+Image+V2+Dan+PDP&fbclid=IwZXh0bgNhZW0BMABhZGlkAasy2XNNMNFzcnRjBmFwcF9pZAwzNTA2ODU1MzE3MjgAAR5zF5mA1LSSk5NDOybzcdqT_00Zje_lASaoHhpgsoIBkjSghibax9yEqfgUnQ_aem_1IjQ7IyWyW_xgM9SkQPeHA&utm_id=120245516272850753_v2_s01_e475_i20260522&utm_term=120245516272850753|http://m.facebook.com/
61c8fe8d-2d2d-458d-bed9-b85a15998144|2026-05-22 14:13|14:13|3|Klaviyo|email|email|||campaign|email|22.05.26 - Memorial Day kick off (Email) [Eikona Full Creative]|/?coupon-code=MEMORIAL25&utm_source=campaign&utm_medium=email&utm_campaign=22.05.26%20-%20Memorial%20Day%20kick%20off%20%28Email%29%20%5BEikona%20Full%20Creative%5D&utm_id=V53AN2&utm_term=%7B%7B%20event.subject_line_a6937162%20%7D%7D&nb_klid=01KJMPH8KAC3FZNV9ZSWP399ZE&_kx=ONhgkjbc8U2lMBweeKcSy-j2qW6h6h1xpHOXgjvAbVo.NRTHD9|
84d78b66-9c66-42c9-a92e-b2abc8b8dd84|2026-05-22 14:13|14:13|1|flyover_section|paid|paid_other|||flyover_section|paid|iefc_may222026|/lpage/particle-instant-eye-firming-cream-el-flyover/?utm_source=flyover_section&utm_medium=paid&utm_campaign=iefc_may222026|
173b2490-e06e-448c-abfc-1c474e83811a|2026-05-22 14:13|14:13|1|Facebook|paid_social|paid_social|||MetaAds|US | Cream | Prospecting | Conversions | Advantage+ sale campaign 9/11/2025 | Website|Broad | US | M | 45+ | Grapevine | #PGS-FC|/lpage/particle-face-cream-el-gv/?utm_source=MetaAds&utm_medium=US+%7C+Cream+%7C+Prospecting+%7C+Conversions+%7C+Advantage%2B+sale+campaign+9%2F11%2F2025+%7C+Website&utm_campaign=Broad+%7C+US+%7C+M+%7C+45%2B+%7C+Grapevine+%7C+%23PGS-FC&utm_content=GV+Brent+Burden+Jan.+2026+image+1+Aging+headline+Long+text+MMC+Page+ElPage+Social+Proof&fbclid=IwZXh0bgNhZW0BMABhZGlkAasy3229oWVzcnRjBmFwcF9pZAo2NjI4NTY4Mzc5AAEeZp4mSxXtjD91iryg0awLyfhu5q0IXk7D8KRD6oVQDPSS2IaaMqkHl26aJTY_aem_EhksOryOUwua3XsGpzFLTA&utm_id=120234524273950085&utm_term=120244961715380085|https://facebook.com/
2023caf2-4085-4310-8d7f-28bc30988dce|2026-05-22 14:13|14:13|1|Facebook|paid_social|paid_social|||MetaAds|US | Cream | Prospecting | Conversions | Memorial Day Sale 2026 | Website|Broad | US | M | 45+ | Memorial Day Sale 2026 | Grapevine|/lpage/particle-face-cream-el-gv/?utm_source=MetaAds&utm_medium=US+%7C+Cream+%7C+Prospecting+%7C+Conversions+%7C+Memorial+Day+Sale+2026+%7C+Website&utm_campaign=Broad+%7C+US+%7C+M+%7C+45%2B+%7C+Memorial+Day+Sale+2026+%7C+Grapevine&utm_content=GV+Cream+Memorial+Day+Sale+2026+video+v1+MMC+Profile+ElPage&utm_id=120248760938230085&utm_term=120248766985970085&fbclid=PAZXh0bgNhZW0BMABhZGlkAas11XNyMjVzcnRjBmFwcF9pZA81NjcwNjczNDMzNTI0MjcAAac6u2fMhwk7P3KHRBHGE-Gpf1IhB5nZDjW3wV49xrofX2ksm6pdO27n1W7rSQ_aem_RzqJRGiWYRiIzUPFWhNV2g|https://instagram.com/
d39ce4cd-7a28-4b01-9c59-156083920b55|2026-05-22 14:13|14:13|1|direct|none|direct||||||/product/particle-instant-eye-firming-cream/?_gl=1*1wy2wf9*_gcl_au*NDgyMTk2MDIwLjE3Nzk0NTg5NzI.*FPAU*NDgyMTk2MDIwLjE3Nzk0NTg5NzI.*_ga*MTcxNzMzNDUxLjE3Nzk0NTg5NzI.*_ga_2QZ8B2F906*czE3Nzk0NTg5NzEkbzEkZzAkdDE3Nzk0NTg5NzEkajYwJGwwJGgxNDU1OTM3NDkx*_fplc*Z1RwTEcxanlBdmRMclhuWnN4eU55eUx2TlJuTFU3MWpQMjluWk9YYkpveWhqMGEyZ3gyYk5qclViNk9ZRXpMZWtSJTJCQ1VhOFglMkIxOXRQTlNPUVVOUFVlOXpnMElRTXRzWXlvTnhqeGxGNzJkdDVnQzdlYkNmN2NjQjh5ZUZlZyUzRCUzRA..|
7d872573-2c67-4730-86c0-ad65c2570ecf|2026-05-22 14:13|14:14|4|direct|none|direct||||||/cart-page/?removed|https://www.particleformen.com/cart-page/
4e49e80f-fb0b-486c-bca8-36c20bb9e379|2026-05-22 14:13|14:13|1|atwave|paid|paid_other|||atwave|paid|fc_sep2025|/lpage/particle-face-cream-el-atwave/?utm_source=atwave&utm_medium=paid&utm_campaign=fc_sep2025&utm_term=1168&utm_clickid=72952784|
e220ee8c-22f6-417a-a812-766861f798fc|2026-05-22 14:13|14:13|1|Audience Network|paid_social|paid_social|Audience Network|23852759474890752||||/lpage/particle-hair-growth-bundle-el/?Ad+Set+Name=adset_name%3DShampoo+%2B+Hair+Revival+Kit+%2B+Hair+Gummies+Product+Page+Visitors+180+Days+%7C+US+%7C+M+%7C+18%2B&Ad+Name=ad_name%3DHair+growth+bundle+Pre+branded+image+1+headline+1+10+Reasons+LP&nbt=nb%3Afb%3Aan%3A23852759474890752%3A23852762426810752%3A23853126432280752&nb_placement=an|https://l.facebook.com/
ca2ab153-d987-4ed5-8acf-606441a0d63f|2026-05-22 14:13|14:14|3|direct|none|direct||||||/|https://www.particleformen.com/product/particle-varros/
3315fc9f-a384-483a-95ff-324b86ef534f|2026-05-22 14:13|14:13|2|Google Ads|cpc|paid_search||||||/cart-page/?_nocache=1779459092&_gl=1*1icaqyt*_up*MQ..*_gs*MQ..&gclid=Cj0KCQjw_b_QBhCSARIsAP6hR4cuYpCo-0aQJcE8FCXwaoJde4sJ28Uu6dwrBOrgmVeetHGtF1wWosIaAmlCEALw_wcB&gbraid=0AAAAACufrwpeCCZfJm-hDCI1QV9VVX92A|https://www.particleformen.com/product/particle-hair-shampoo/?nbt=nb%3Aadwords%3Ag%3A22021173014%3A175655794681%3A725235859663&nb_adtype=pla_with_promotion&nb_kwd=&nb_ti=pla-300861019374&nb_mi=144605902&nb_pc=online&nb_pi=216928&nb_ppi=300861019374&nb_placement=&nb_li_ms=&nb_lp_ms=&nb_fii=&nb_ap=&nb_mt=&utm_source=google&utm_campaign=Shopping_Shampoo_USA&utm_agid=175655794681&utm_term=&utm_medium=cpc&creative=725235859663&device=m&placement=&gad_source=1&gad_campaignid=22021173014&gbraid=0AAAAACufrwpeCCZfJm-hDCI1QV9VVX92A&gclid=Cj0KCQjw_b_QBhCSARIsAP6hR4cuYpCo-0aQJcE8FCXwaoJde4sJ28Uu6dwrBOrgmVeetHGtF1wWosIaAmlCEALw_wcB
c53f209f-d2ef-44d1-8a4d-2cfbeba5a3e3|2026-05-22 14:13|14:13|1|direct|none|direct||||||/product/particle-instant-eye-firming-cream/|
2d299127-06bb-419c-87c7-a1b713433493|2026-05-22 14:13|14:13|1|direct|none|direct||||||/checkout/?after_login=1|https://www.particleformen.com/checkout/
243eeb7a-3b93-4e4e-b27b-4c4c940e8875|2026-05-22 14:12|14:13|3|direct|none|direct||||||/product/particle-infinite-male/|https://www.particleformen.com/my-account/view-subscription/3609364/
6c4dd9fd-c566-443b-9ed4-3e65ad388651|2026-05-22 14:12|14:12|1|direct|none|direct||||||/product/particle-face-cream/?layout=gifts|https://www.particleformen.com/lpage/particle-face-cream-el-patriot/?utm_source=patriot&utm_medium=paid&utm_campaign=fc_may2026
153234fc-d960-41f1-a8c5-49156472e137|2026-05-22 14:12|14:12|1|patriot|paid|paid_other|||patriot|paid|fc_may2026|/lpage/particle-face-cream-el-patriot/?utm_source=patriot&utm_medium=paid&utm_campaign=fc_may2026|https://mail3.spectrum.net/
e03b4374-a59f-41c9-9bbc-4c8cd709c980|2026-05-22 14:12|14:12|1|Facebook|paid_social|paid_social|||MetaAds|US | Cream | Prospecting | Conversions | Advantage+ sale campaign 9/11/2025 | Website|Broad | US | M | 45+ | Grapevine | #PGS-FC|/lpage/particle-face-cream-el-gv/?utm_source=MetaAds&utm_medium=US+%7C+Cream+%7C+Prospecting+%7C+Conversions+%7C+Advantage%2B+sale+campaign+9%2F11%2F2025+%7C+Website&utm_campaign=Broad+%7C+US+%7C+M+%7C+45%2B+%7C+Grapevine+%7C+%23PGS-FC&utm_content=GV+Brent+Burden+Jan.+2026+image+1+Aging+headline+Long+text+MMC+Page+ElPage+Social+Proof&fbclid=IwZXh0bgNhZW0BMABhZGlkAasy3229oWVzcnRjBmFwcF9pZAo2NjI4NTY4Mzc5AAEewCT3xmFDmRBlhsbnfAo_paRrjqB5nQHwrJ5tmPgS3FlZ0GoXUMmMgtoBMJA_aem_vBObU7jQU4AHcjy9LzuuFg&utm_id=120234524273950085&utm_term=120244961715380085|https://facebook.com/
19457ed7-7709-49f6-bacb-a93da2417f0c|2026-05-22 14:12|14:12|1|direct|none|direct||||||/thank-you-order/?order_id=3891583&key=|https://www.particleformen.com/checkout/
559eae8f-ae55-453d-93ba-98f9713b55a2|2026-05-22 14:12|14:13|2|Klaviyo|email|email|||Cart Abandonment Flow - Memorial Day 2026|email|Cart Abandonment Flow - Memorial Day 2026 - SMS 1|/cart-page/?utm_source=Cart+Abandonment+Flow+-+Memorial+Day+2026&utm_medium=email&utm_campaign=Cart+Abandonment+Flow+-+Memorial+Day+2026+-+SMS+1&utm_id=RQY8RQ&nb_klid=01GPZY8WF2PBGRSD9R3Y1D8H8S&_kx=nxVbFV0JwpeG-gXRltapiQKAMwxUDgU8Mkbn9Tm_y46a2hM61Lz6HN3miqqzUdhY.NRTHD9|
c58a0232-9e06-4e51-ab3f-63f6616dfcab|2026-05-22 14:12|14:13|2|Beehiiv|email|email|||beehiiv|paid|OSEPPDMBTD|/lpage/particle-face-cream-el-beehiv/?utm_campaign=OSEPPDMBTD&utm_source=beehiiv&utm_medium=paid&utm_content=primary2&_bhiiv=opp_c8d3c5d5-7cca-4074-93d9-1590e282e362_4b7c418d&bhcl_id=de4590fa-cffe-40b1-8c27-31919e99bc63_078377ac-ae2e-429c-96f2-3662d268c46b_62a341d4-3b19-4e0b-912c-937768e5ed20&_bhlid=b2ec34ba737ee72a330d4e3a91ada3e6a981c75f|android-app://com.google.android.gm/
de4e0b8a-ae0f-4bea-b72c-42f046d70035|2026-05-22 14:12|14:13|3|Facebook|social|organic_social||||||/|https://facebook.com/
6c0d2561-9c16-46ff-b034-bd535d0b164f|2026-05-22 14:12|14:12|1|tv|referral|referral|||tv|||/product/particle-face-cream/?utm_source=tv&layout=gifts|https://www.particleformen.com/lpage/particle-face-cream-el-tv/?logo=1
1e0cce30-436a-41a1-9558-04a4e4c1ce3b|2026-05-22 14:12|14:14|6|Google Shopping|organic|organic_shopping||||||/product/particle-gravite/?srsltid=AfmBOoqLiSxJn8ekb9MENi6vH6Gr75SDDzVrOd6sdHZdYzgGfWIrqNNL|https://www.google.com/
bba68476-312a-4584-854a-7249688e4bdc|2026-05-22 14:12|14:14|5|Facebook|paid_social|paid_social|||MetaAds|US | Instant Eye Firming Cream | Prospecting | Conversions | Advantage+ sale campaign 07/16/2025  | Website|Broad | US | M 45+|/lpage/particle-instant-eye-firming-cream-el/?utm_source=MetaAds&utm_medium=US+%7C+Instant+Eye+Firming+Cream+%7C+Prospecting+%7C+Conversions+%7C+Advantage%2B+sale+campaign+07%2F16%2F2025++%7C+Website&utm_campaign=Broad+%7C+US+%7C+M+45%2B&utm_content=IEFC+Slogan+Collection+extention+image+4+Natalie+headline+1+text+1+ElPage&fbclid=IwZXh0bgNhZW0BMABhZGlkAasyxBrD_LFzcnRjBmFwcF9pZAwzNTA2ODU1MzE3MjgAAR4VXjNomTwGGNOk-P7dqlS8EN1Ew-_WOxJx0USPaoB3o83OdZIIMymwK8gh8A_aem_KM_M_bLia0VrfAI-6aW3bA&utm_id=120244846111180753_v2_s02_e475_i20260522&utm_term=120244846111180753|http://m.facebook.com/
95c51872-bc25-457c-af23-a5e69aadbfe7|2026-05-22 14:12|14:14|2|direct|none|direct||||||/checkout/?after_login=1|https://www.particleformen.com/checkout/
d2e21cd5-a449-49b5-9933-5d9691444b56|2026-05-22 14:12|14:12|1|direct|none|direct||||||/checkout/|https://www.particleformen.com/product/particle-face-cream/?layout=gifts&dtc=2
f79a762e-e5a4-44d6-98b9-23fa49776168|2026-05-22 14:12|14:12|1|direct|none|direct||||||/product/particle-gravite/|https://www.particleformen.com/lpage/particle-gravite-el/?utm_source=MetaAds&utm_medium=US+%7C+Gravite+Cologne+%7C+Prospecting+%7C+Conversions+%7C+Memorial+Day+Sale+2026+%7C+Website&utm_campaign=Broad+%7C+US+%7C+Audience%2B+M+35%2B+%7C+Memorial+Day+Sale+2026&utm_content=Gravite+Memorial+Day+Sale+2026+Single+Wife%27s+Testimonial+%E2%80%93+My+American+Husband+video+v1+Yael+ElPage&utm_id=120244971115730097&utm_term=120244971115790097&fbclid=PAZXh0bgNhZW0BMABhZGlkAasySW7RbJFzcnRjBmFwcF9pZA8xMjQwMjQ1NzQyODc0MTQAAaegiEcU2t_sPxUGtLmxx5OgfgU2nqGLjFFFCX4Cdm8e9fbrVsJQAjNsvnaC6w_aem_7Hrkh70iGxIEVNhOyRk-vA
cd4472fd-e5cb-475a-a0a8-2b004b2700df|2026-05-22 14:12|14:12|1|direct|none|direct||||||/checkout/|https://www.particleformen.com/cart-page/?utm_source=Checkout%20Abandonment%20%20-%20%282026%29&utm_medium=flow&utm_campaign=Checkout%20Abandonment%20-%20%282026%29%20Email%20%233B%20-%20Customers%20with%202%2B%20Orders-%20Low%20Value%20Cart%20%28reviews%29&utm_id=TRCEkp&utm_term=Check%20Your%20Credit%20Balance%20Today%21&nb_klid=01JB4F4XBQY8E1M1ATNQ0CKTAB&_kx=bk41W3aJSQ6EFoIz4JBlid-DJSNVVxhZsgWuZ7gbH5M.NRTHD9
028ee190-4058-4890-bb60-5532c440cc13|2026-05-22 14:12|14:12|1|Klaviyo|email|email|||campaign|email|22.05.26 - Memorial Day kick off (Email) [Eikona Full Creative]|/?coupon-code=MEMORIAL25&utm_source=campaign&utm_medium=email&utm_campaign=22.05.26%20-%20Memorial%20Day%20kick%20off%20%28Email%29%20%5BEikona%20Full%20Creative%5D&utm_id=V53AN2&utm_term=%7B%7B%20event.subject_line_a6937162%20%7D%7D&nb_klid=01EH9KHNKHAN6W72AF7QNVFV47&_kx=ITkW2ZIthNH8_VAGewbCw9coDff8jbz8zFlterEIvbo.NRTHD9|https://www.particleformen.com/?coupon-code=MEMORIAL25&utm_source=campaign&utm_medium=email&utm_campaign=22.05.26%20-%20Memorial%20Day%20kick%20off%20%28Email%29%20%5BEikona%20Full%20Creative%5D&utm_id=V53AN2&utm_term=%7B%7B%20event.subject_line_a6937162%20%7D%7D&nb_klid=01EH9KHNKHAN6W72AF7QNVFV47&_kx=ITkW2ZIthNH8_VAGewbCw9coDff8jbz8zFlterEIvbo.NRTHD9
4e727128-d635-4ed7-be68-003ca3db3572|2026-05-22 14:12|14:12|1|Facebook|paid_social|paid_social|||MetaAds|US | Ab Firming Cream | Prospecting | Conversions | Advantage+ sale campaign 7/31/2025 | Website|Broad | US | M 35+ | Winning Ads|/lpage/particle-ab-cream-el/?utm_source=MetaAds&utm_medium=US+%7C+Ab+Firming+Cream+%7C+Prospecting+%7C+Conversions+%7C+Advantage%2B+sale+campaign+7%2F31%2F2025+%7C+Website&utm_campaign=Broad+%7C+US+%7C+M+35%2B+%7C+Winning+Ads&utm_content=Ab+firming+cream+ADGE+Meet+your+new+Gym+Partner+image+2+Natalie+headline+Tighten+text+long+1+PBody+ElPage+Social+Proof&fbclid=IwZXh0bgNhZW0BMABhZGlkAaswtHksuJJzcnRjBmFwcF9pZAwzNTA2ODU1MzE3MjgAAR7YIzPTzV5OdWw4P8A01w09ergAdbcaA4pjG_Q0IEKHWDJM95EVjlzLmoiN_Q_aem_3SztLZEicbP87VcZ2Tpcrg&utm_id=120229653607890610&utm_term=120243366368660610|http://m.facebook.com/
11c2e3b9-f979-408f-b7c3-c407fa220364|2026-05-22 14:12|14:12|1|direct|none|direct||||||/cart-page/?_nocache=1779459130|
243cc369-eb43-495e-8581-5274a6d0900a|2026-05-22 14:12|14:12|1|Google Ads|cpc|paid_search||||||/product/particle-face-cream/?_gl=1*5ypp2o*_up*MQ..*_gs*MQ..&gclid=Cj0KCQjw_b_QBhCSARIsAP6hR4cVuDJn8iudO_eq7w5JudwrCiHxi34YFQQCLsNPmLl3F4WbrQ2uhEQaAoFREALw_wcB&gbraid=0AAAAACufrwpS95qn5Zw58tFTHKaltoEUp|https://www.particleformen.com/product/particle-face-wash/?utm_source=google&utm_campaign=&utm_agid=107994990403&utm_term=particle%20face%20wash&utm_medium=cpc&creative=462171381490&device=c&placement=&utm_source=google&utm_campaign=Search_Brand_Keywords_USA&utm_agid=107994990403&utm_term=particle%20face%20wash&utm_medium=cpc&creative=462171381490&device=c&placement=&gad_source=1&gad_campaignid=2048847326&gbraid=0AAAAACufrwpS95qn5Zw58tFTHKaltoEUp&gclid=Cj0KCQjw_b_QBhCSARIsAP6hR4cVuDJn8iudO_eq7w5JudwrCiHxi34YFQQCLsNPmLl3F4WbrQ2uhEQaAoFREALw_wcB
520705d5-b458-4e50-9866-e56906c17b21|2026-05-22 14:12|14:14|3|Klaviyo|email|email|||campaign|email|22.05.26 - Memorial Day kick off (Email) [Eikona Full Creative]|/all-products/?utm_source=campaign&utm_medium=email&utm_campaign=22.05.26%20-%20Memorial%20Day%20kick%20off%20%28Email%29%20%5BEikona%20Full%20Creative%5D&utm_id=V53AN2&utm_term=%7B%7B%20event.subject_line_a6937162%20%7D%7D&nb_klid=01JQTBTFR5R2NN6200C3TZSRW7&_kx=ur5aXf0sRe3Ws8T7DuyGdyY2bozg9Ezuutmh0TIYadQ.NRTHD9#fragrance|
99c04ba7-a254-437d-b400-6d3803c6bd9b|2026-05-22 14:12|14:14|3|direct|none|direct||||||/cart-page/|https://www.particleformen.com/best-sellers/
a6405e53-e7ac-4949-ba0c-1502c44fc3ae|2026-05-22 14:12|14:12|1|direct|none|direct||||||/cart-page/?_nocache=1779459159|
df58d366-aa0b-46b2-bd76-610e4ce948b4|2026-05-22 14:12|14:13|3|direct|none|direct||||||/product/particle-neck-cream/?ref=cart-sidebar|https://www.particleformen.com/product/particle-face-cream/
377e21c1-e7d5-4485-8afc-4d596b4835c2|2026-05-22 14:12|14:12|3|Google Ads|cpc|paid_search||2048847326|google|cpc||/product/particle-face-cream/?utm_source=google&utm_campaign=&utm_agid=72855543579&utm_term=particle%20for%20men&utm_medium=cpc&creative=708597749038&device=m&placement=&utm_source=google&utm_campaign=Search_Brand_Keywords_USA&utm_agid=72855543579&utm_term=particle%20for%20men&utm_medium=cpc&creative=708597749038&device=m&placement=&gad_source=1&gad_campaignid=2048847326&gclid=EAIaIQobChMIxoP00onNlAMV5DbUAR161SOrEAAYASAAEgKnKfD_BwE|https://www.google.com/
0928cdb6-8855-4b2e-a8c2-19380fb192f2|2026-05-22 14:12|14:14|5|direct|none|direct||||||/cart-page/?_nocache=1779459155|https://www.particleformen.com/cart-page/?removed_item=1&time=1779459138
1601aba2-a220-44d5-bb65-1dbd859f5a19|2026-05-22 14:12|14:12|1|direct|none|direct||||||/thank-you-order/?order_id=3891584&key=|https://www.particleformen.com/checkout/
d3d48d12-a94a-4ee5-b7bb-b1692555cafc|2026-05-22 14:12|14:12|1|Klaviyo|email|email|||campaign|email|22.05.26 - Memorial Day kick off (Email) [Eikona Full Creative]|/?coupon-code=MEMORIAL25&utm_source=campaign&utm_medium=email&utm_campaign=22.05.26%20-%20Memorial%20Day%20kick%20off%20%28Email%29%20%5BEikona%20Full%20Creative%5D&utm_id=V53AN2&utm_term=%7B%7B%20event.subject_line_a6937162%20%7D%7D&nb_klid=01F0EGA6FWA82FYADTEYBWHTEK&_kx=rVMvROZ80Dcq5AizfbxIlsAe8UE6W9Zkim45UDjXJz5DBZv6da_k-l2BOB3AN5Ev.NRTHD9|
82805972-e891-4ff1-b599-71860165fd8e|2026-05-22 14:12|14:12|1|Klaviyo|email|email|||campaign|email|22.05.26 - Memorial Day kick off (Email) [Eikona Full Creative]|/?coupon-code=MEMORIAL25&utm_source=campaign&utm_medium=email&utm_campaign=22.05.26%20-%20Memorial%20Day%20kick%20off%20%28Email%29%20%5BEikona%20Full%20Creative%5D&utm_id=V53AN2&utm_term=%7B%7B%20event.subject_line_a6937162%20%7D%7D&nb_klid=01JY5V20C344GQP7S4EHTB51EX&_kx=o2sEoUgTWDf9GTyHfCt_ahbM0EAQZ130Bb9jcIGi66E.NRTHD9|android-app://com.google.android.gm/
e7c6a493-3f11-4979-9109-4c0d7212b0c5|2026-05-22 14:12|14:14|9|Klaviyo|email|email|||Yotpo Loyalty Monthly Status|email|Yotpo Loyalty Monthly Status - Email #1|/?utm_source=Yotpo%20Loyalty%20Monthly%20Status&utm_medium=email&utm_campaign=Yotpo%20Loyalty%20Monthly%20Status%20-%20Email%20%231&utm_id=UeFnYW&utm_term=Your%20Points%20Update%20-%20Don%27t%20Let%20Them%20Expire&nb_klid=01JCXCV5PC7ZWDM2WF1ZKWNM6Y&bxid=01JCXCV5PC7ZWDM2WF1ZKWNM6Y&_kx=TPpOOq8geIcahf_Zu9FvLt-DJSNVVxhZsgWuZ7gbH5M.NRTHD9|
01731cdd-41d0-40c8-9aa6-5a5baa097a40|2026-05-22 14:12|14:12|1|direct|none|direct||||||/my-account/orders/?mtke=48|
9e0250b4-fec7-4754-886f-e6127e0af6bf|2026-05-22 14:12|14:13|3|direct|none|direct||||||/|https://www.particleformen.com/product/particle-gravite/
91614916-c538-42e1-84c6-cd10a07dc31f|2026-05-22 14:12|14:13|9|direct|none|direct||||||/product/power-shower-set/|https://www.particleformen.com/?coupon-code=MEMORIAL25&utm_source=Klaviyo+Campaign&utm_medium=sms&utm_campaign=%5BSMS%5D+21.05.26+-+Memorial+Day+Early+Bird+-+25%25+off&utm_id=01KRTA3WBV8ZKYXAAGY6ZYMPV7&nb_klid=01KCS85W1FMZC0B4E5TJCN0JXT&_kx=Aq2WpWYah9NVw4_86_m80q3M1Ut2F-C8shKzvxOAdkHxYScj37C9IxKVmIJJr3h0.NRTHD9
eaede902-5ce4-481b-9919-c4d58e0059ef|2026-05-22 14:12|14:13|4|direct|none|direct||||||/my-account/particle-rewards/|https://www.particleformen.com/my-account/orders/?after_login=1
9a9c3bf8-fadd-47d1-96a1-1594a6e05e60|2026-05-22 14:12|14:14|8|Klaviyo|email|email|||campaign|email|22.05.26 - Memorial Day kick off (Email) [Eikona Full Creative]|/?coupon-code=MEMORIAL25&utm_source=campaign&utm_medium=email&utm_campaign=22.05.26%20-%20Memorial%20Day%20kick%20off%20%28Email%29%20%5BEikona%20Full%20Creative%5D&utm_id=V53AN2&utm_term=%7B%7B%20event.subject_line_a6937162%20%7D%7D&nb_klid=01GK22Z1APF1QT8QK5655MKM7K&_kx=UoEOSc6zKsfBRSyuI2iAonB11qAqa276lbInpIicV10.NRTHD9|
a0184450-7acd-47c8-a059-e8b70275aad4|2026-05-22 14:12|14:12|1|Applov|paid|paid_other|||axon|paid|Face Cream Prospecting Creative test US CPP 7D|/lpage/particle-face-cream-el-applov/?utm_source=axon&utm_medium=paid&utm_campaign=Face%20Cream%20Prospecting%20Creative%20test%20US%20CPP%207D&utm_content=Face_Cream_Set_4_GIF_20%25_Elpage&alart=72f5cb82-003b-4b86-a2d4-1b2723c1a0c2&aleid=b9a44d2e691155c21508f8aac58016909c592840|
e4738940-b3c3-41be-99f8-5eac7c9556f6|2026-05-22 14:12|14:13|2|Klaviyo|email|email|||campaign|email|22.05.26 - Memorial Day kick off (Email) [Eikona Full Creative]|/all-products/?coupon-code=MEMORIAL25&utm_source=campaign&utm_medium=email&utm_campaign=22.05.26%20-%20Memorial%20Day%20kick%20off%20%28Email%29%20%5BEikona%20Full%20Creative%5D&utm_id=V53AN2&utm_term=%7B%7B%20event.subject_line_a6937162%20%7D%7D&nb_klid=01JJ5F16G6PBP31Q9KV7XQAET8&_kx=jWmweYNiaGk_AEe3TnGv9KOqP4TaBtWlX1owgIXzf8k.NRTHD9|
10a4e74e-eb85-448f-9e3e-ba9a8d13b9cc|2026-05-22 14:12|14:13|2|Klaviyo|email|email|||campaign|email|22.05.26 - Memorial Day kick off (Email) [Eikona Full Creative]|/?coupon-code=MEMORIAL25&utm_source=campaign&utm_medium=email&utm_campaign=22.05.26%20-%20Memorial%20Day%20kick%20off%20%28Email%29%20%5BEikona%20Full%20Creative%5D&utm_id=V53AN2&utm_term=%7B%7B%20event.subject_line_a6937162%20%7D%7D&nb_klid=01KFGFM1SZ32X3N8WYSSESQ6T4&_kx=f4MIzDg58xWrm8BiVetyHGh1hMV3E3dcPLEh72fxy_M.NRTHD9|android-app://com.google.android.gm/
060273e9-5a0f-4394-8665-a87d7dabc5f4|2026-05-22 14:12|14:14|4|direct|none|direct||||||/product/particle-face-cream/|https://www.particleformen.com/?coupon-code=MEMORIAL25&utm_source=Klaviyo+Campaign&utm_medium=sms&utm_campaign=%5BSMS%5D+21.05.26+-+Memorial+Day+Early+Bird+-+25%25+off&utm_id=01KRTA3WBV8ZKYXAAGY6ZYMPV7&nb_klid=01JAVFY3VMP97ZCSA1798TBVB7&_kx=bK8uexsZZMguWZpT8o-e1kvGzpM-iBFrKLHKwpg5Vij-tjUmQ__epalBojSrSpJZ.NRTHD9